<?xml version="1.0" encoding="utf-8" ?>

<Defs>
<ThingDef ParentName="BaseBullet">
    <defName>Bullet_AK12_21CA</defName>
    <label>AK-12 bullet</label>
    <graphicData>
        <texPath>Things/Projectile/Bullet_Small</texPath>
        <graphicClass>Graphic_Single</graphicClass><drawSize>1.15</drawSize>
    </graphicData>
    <projectile>
        <damageDef>Bullet</damageDef>
        <damageAmountBase>12</damageAmountBase>
        <speed>68</speed>
    </projectile>
</ThingDef>

<ThingDef ParentName="BaseHumanMakeableGun">
    <defName>Axi_AR_AK12_21CA</defName>
    <label>AK-12</label>
    <description>A modernized variant of the legendary AK-47, the AK-12 utilized contemporary materials and manufacturing techniques to produce a weapon that shares it's predecessor's reliability while reducing weight and improving ergonomics.</description>
    <graphicData>
        <texPath>Things/AR_AK12</texPath>
        <graphicClass>Graphic_Single</graphicClass><drawSize>1.15</drawSize>
    </graphicData>
    <soundInteract>Interact_Rifle</soundInteract>
    <statBases>
        <WorkToMake>41000</WorkToMake>
        <Mass>3</Mass>
        <AccuracyTouch>.7</AccuracyTouch>
        <AccuracyShort>.8</AccuracyShort>
        <AccuracyMedium>.7</AccuracyMedium>
        <AccuracyLong>.65</AccuracyLong>
        <RangedWeapon_Cooldown>1.2</RangedWeapon_Cooldown>
    </statBases>
    <recipeMaker>
      <researchPrerequisite>PrecisionRifling</researchPrerequisite>
      <skillRequirements>
        <Crafting>7</Crafting>
      </skillRequirements>
    </recipeMaker>
    <costList>
        <Steel>71</Steel>
        <ComponentIndustrial>7</ComponentIndustrial>
    </costList>
    <verbs>
        <li>
            <verbClass>Verb_Shoot</verbClass>
            <hasStandardCommand>true</hasStandardCommand>
            <defaultProjectile>Bullet_AK12_21CA</defaultProjectile>
            <warmupTime>.95</warmupTime>
            <range>28.6</range>
            <burstShotCount>3</burstShotCount>
            <ticksBetweenBurstShots>10</ticksBetweenBurstShots>
            <soundCast>Shot_AssaultRifle</soundCast>
            <soundCastTail>GunTail_Medium</soundCastTail>
            <muzzleFlashScale>8</muzzleFlashScale>
        </li>
    </verbs>
    <tools>
        <li>
            <label>stock</label>
            <capacities>
                <li>Blunt</li>
            </capacities>
            <power>9</power>
            <cooldownTime>1.7</cooldownTime>
        </li>
        <li>
            <label>barrel</label>
            <capacities>
                <li>Blunt</li>
                <li>Poke</li>
            </capacities>
            <power>9</power>
            <cooldownTime>1.8</cooldownTime>
        </li>
    </tools>
</ThingDef>

</Defs>