<?xml version="1.0" encoding="utf-8" ?>

<Defs>
<ThingDef ParentName="BaseBullet">
    <defName>Bullet_ACR_21CA</defName>
    <label>ACR bullet</label>
    <graphicData>
        <texPath>Things/Projectile/Bullet_Small</texPath>
        <graphicClass>Graphic_Single</graphicClass><drawSize>1.15</drawSize>
    </graphicData>
    <projectile>
        <damageDef>Bullet</damageDef>
        <damageAmountBase>11</damageAmountBase>
        <speed>77</speed>
    </projectile>
</ThingDef>

<ThingDef ParentName="BaseHumanMakeableGun">
    <defName>Axi_AR_ACR_21CA</defName>
    <label>Remington ACR</label>
    <description>Inititally conceptualized as a logical improvedment over the AR-15 platform in every way possible, the ACR ended up being oly a marginal improvement over the platform it was meant to supplant. Initially developed by firearms accessory builder Magpul, the designs were sold to Remington, the Amurcan arms conglomerate, and pushed to market before being mostly recalled for all manner of issues. These post-recall models are well-build and much more robust than the original version, but it was too little, too late for the ACR's aspirations of replacing the AR-15 in military service. The ACR can still be found in limited use by midworld security forces across the cluster.</description>
    <graphicData>
        <texPath>Things/AR_ACR</texPath>
        <graphicClass>Graphic_Single</graphicClass><drawSize>1.15</drawSize>
    </graphicData>
    <soundInteract>Interact_Rifle</soundInteract>
    <statBases>
        <WorkToMake>48000</WorkToMake>
        <Mass>2.9</Mass>
        <AccuracyTouch>0.7</AccuracyTouch>
        <AccuracyShort>0.85</AccuracyShort>
        <AccuracyMedium>0.8</AccuracyMedium>
        <AccuracyLong>0.65</AccuracyLong>
        <RangedWeapon_Cooldown>1.35</RangedWeapon_Cooldown>
    </statBases>
    <recipeMaker>
      <researchPrerequisite>PrecisionRifling</researchPrerequisite>
      <skillRequirements>
        <Crafting>7</Crafting>
      </skillRequirements>
    </recipeMaker>
    <costList>
        <Steel>72</Steel>
        <ComponentIndustrial>8</ComponentIndustrial>
    </costList>
    <verbs>
        <li>
            <verbClass>Verb_Shoot</verbClass>
            <hasStandardCommand>true</hasStandardCommand>
            <defaultProjectile>Bullet_ACR_21CA</defaultProjectile>
            <warmupTime>0.9</warmupTime>
            <range>30.2</range>
            <burstShotCount>3</burstShotCount>
            <ticksBetweenBurstShots>9</ticksBetweenBurstShots>
            <soundCast>Shot_AssaultRifle</soundCast>
            <soundCastTail>GunTail_Medium</soundCastTail>
            <muzzleFlashScale>9</muzzleFlashScale>
        </li>
    </verbs>
    <tools>
        <li>
            <label>stock</label>
            <capacities>
                <li>Blunt</li>
            </capacities>
            <power>9</power>
            <cooldownTime>1.5</cooldownTime>
        </li>
        <li>
            <label>barrel</label>
            <capacities>
                <li>Blunt</li>
                <li>Poke</li>
            </capacities>
            <power>9</power>
            <cooldownTime>1.6</cooldownTime>
        </li>
    </tools>
</ThingDef>

</Defs>