<?xml version="1.0" encoding="utf-8" ?>

<Defs>
<ThingDef ParentName="BaseBullet">
    <defName>Bullet_Scorpion_21CA</defName>
    <label>Scorpion EVO bullet</label>
    <graphicData>
        <texPath>Things/Projectile/Bullet_Small</texPath>
        <graphicClass>Graphic_Single</graphicClass><drawSize>1.15</drawSize>
    </graphicData>
    <projectile>
        <damageDef>Bullet</damageDef>
        <damageAmountBase>15</damageAmountBase>
        <speed>54</speed>
    </projectile>
</ThingDef>

<ThingDef ParentName="BaseHumanMakeableGun">
    <defName>Axi_SMG_Scorpion_21CA</defName>
    <label>CZ Scorpion</label>
    <description>The third generation Scorpion, the EVO 3, continues CZ's tradition of taking everything great about the previous generation Scorpion and improving upon it. The EVO 3 is a distilled masterpiece of a 9mm SMG, boasting a fast fire rate, soft recoil impulse, and excellent ergonomics. It's no wonder special operations and boarding forces around the cluster rave about this compact buzzsaw of a gun.</description> 
    <graphicData>
        <texPath>Things/SMG_Scorpion</texPath>
        <graphicClass>Graphic_Single</graphicClass><drawSize>1.15</drawSize>
    </graphicData>
    <soundInteract>Interact_SMG</soundInteract>
    <statBases>
        <WorkToMake>26000</WorkToMake>
        <Mass>2.5</Mass>
        <AccuracyTouch>.8</AccuracyTouch>
        <AccuracyShort>.75</AccuracyShort>
        <AccuracyMedium>.35</AccuracyMedium>
        <AccuracyLong>.1</AccuracyLong>
        <RangedWeapon_Cooldown>1.6</RangedWeapon_Cooldown>
    </statBases>
    <recipeMaker>
      <researchPrerequisite>BlowbackOperation</researchPrerequisite>
      <skillRequirements>
        <Crafting>7</Crafting>
      </skillRequirements>
    </recipeMaker>
    <costList>
        <Steel>65</Steel>
        <ComponentIndustrial>4</ComponentIndustrial>
    </costList>
    <verbs>
        <li>
            <verbClass>Verb_Shoot</verbClass>
            <hasStandardCommand>true</hasStandardCommand>
            <defaultProjectile>Bullet_Scorpion_21CA</defaultProjectile>
            <warmupTime>1</warmupTime>
            <range>21</range>
            <burstShotCount>3</burstShotCount>
            <ticksBetweenBurstShots>5</ticksBetweenBurstShots>
            <soundCast>Shot_MachinePistol</soundCast>
            <soundCastTail>GunTail_Light</soundCastTail>
            <muzzleFlashScale>7</muzzleFlashScale>
        </li>
    </verbs>
    <tools>
        <li>
            <label>stock</label>
            <capacities>
                <li>Blunt</li>
            </capacities>
            <power>8</power>
            <cooldownTime>1.6</cooldownTime>
        </li>
        <li>
            <label>barrel</label>
            <capacities>
                <li>Blunt</li>
                <li>Poke</li>
            </capacities>
            <power>8</power>
            <cooldownTime>1.6</cooldownTime>
        </li>
    </tools>
</ThingDef>

</Defs>