<?xml version="1.0" encoding="utf-8" ?>

<Defs>
<ThingDef ParentName="BaseBullet">
    <defName>Bullet_RPR_21CA</defName>
    <label>Ruger Precision bullet</label>
    <graphicData>
        <texPath>Things/Projectile/Bullet_Big</texPath>
        <graphicClass>Graphic_Single</graphicClass><drawSize>1.15</drawSize>
    </graphicData>
    <projectile>
        <damageDef>Bullet</damageDef>
        <damageAmountBase>23</damageAmountBase>
        <speed>112</speed>
    </projectile>
</ThingDef>

<ThingDef ParentName="BaseHumanMakeableGun">
    <defName>Axi_SR_RPR_21CA</defName>
    <label>Ruger Precision Rifle</label>
    <description>Ruger's Precision Rifle platform is an interesting take on the modern precision rifle. Making extensive use of lightweight materials, and eschewing the typical characteristics of the traditional bolt-action rifle in favor of features like accessory rails and a fully-adjustable, skeletonized stock, Ruger has managed to produce a bolt gun that puts many competing (and oftentimes more expensive) products to shame.</description> 
    <graphicData>
        <texPath>Things/SR_RPR</texPath>
        <graphicClass>Graphic_Single</graphicClass><drawSize>1.15</drawSize>
    </graphicData>
    <soundInteract>Interact_Rifle</soundInteract>
    <statBases>
        <WorkToMake>50000</WorkToMake>
        <Mass>3.8</Mass>
        <AccuracyTouch>.5</AccuracyTouch>
        <AccuracyShort>.65</AccuracyShort>
        <AccuracyMedium>.8</AccuracyMedium>
        <AccuracyLong>.85</AccuracyLong>
        <RangedWeapon_Cooldown>2.5</RangedWeapon_Cooldown>
    </statBases>
    <recipeMaker>
      <researchPrerequisite>PrecisionRifling</researchPrerequisite>
      <skillRequirements>
        <Crafting>8</Crafting>
      </skillRequirements>
    </recipeMaker>
    <costList>
        <Steel>70</Steel>
        <ComponentIndustrial>8</ComponentIndustrial>
    </costList>
    <verbs>
        <li>
            <verbClass>Verb_Shoot</verbClass>
            <hasStandardCommand>true</hasStandardCommand>
            <defaultProjectile>Bullet_RPR_21CA</defaultProjectile>
            <warmupTime>3.4</warmupTime>
            <range>45</range>
            <soundCast>Shot_SniperRifle</soundCast>
            <soundCastTail>GunTail_Heavy</soundCastTail>
            <muzzleFlashScale>9</muzzleFlashScale>
        </li>
    </verbs>
    <tools>
        <li>
            <label>stock</label>
            <capacities>
                <li>Blunt</li>
            </capacities>
            <power>9</power>
            <cooldownTime>2.1</cooldownTime>
        </li>
        <li>
            <label>barrel</label>
            <capacities>
                <li>Blunt</li>
                <li>Poke</li>
            </capacities>
            <power>10</power>
            <cooldownTime>2.4</cooldownTime>
        </li>
    </tools>
</ThingDef>

</Defs>